{
    "tokenium": {
        "x": 0,
        "y": 0,
        "width": 0.7877604166666666,
        "height": 1
    },
    "chat": {
        "x": 0.787109375,
        "y": 0.19607843137254902,
        "width": 0.212890625,
        "height": 0.803921568627451
    },
    "button_panel": {
        "x": 0.787109375,
        "y": 0,
        "width": 0.212890625,
        "height": 0.19730392156862744
    }
}