{
    "tokenium": {
        "x": 0.21354166666666666,
        "y": 0,
        "width": 0.5885416666666666,
        "height": 0.8186274509803921
    },
    "chat": {
        "x": 0.7916666666666666,
        "y": 0.24019607843137256,
        "width": 0.21354166666666666,
        "height": 0.7745098039215687
    },
    "button_panel": {
        "x": 0.7916666666666666,
        "y": 0,
        "width": 0.21354166666666666,
        "height": 0.2549019607843137
    }
}