{
    "tokenium": {
        "x": 0.15104166666666666,
        "y": 0,
        "width": 0.5885416666666666,
        "height": 0.8235294117647058
    },
    "chat": {
        "x": 0.7395833333333334,
        "y": 0.25980392156862747,
        "width": 0.2604166666666667,
        "height": 0.7401960784313726
    },
    "button_panel": {
        "x": 0.4309895833333333,
        "y": 0.18137254901960784,
        "width": 0.12044270833333333,
        "height": 0.31862745098039214
    }
}