{
    "tokenium": {
        "x": 0.21510416666666668,
        "y": 0.0009689922480620155,
        "width": 0.5838541666666667,
        "height": 0.7548449612403101
    },
    "chat": {
        "x": 0.7932291666666667,
        "y": 0.2441860465116279,
        "width": 0.21041666666666667,
        "height": 0.7625968992248062
    },
    "button_panel": {
        "x": 0.7932291666666667,
        "y": 0,
        "width": 0.21041666666666667,
        "height": 0.250968992248062
    }
}