{
    "tokenium": {
        "x": 0.28125,
        "y": 0,
        "width": 0.5078125,
        "height": 0.6323529411764706
    },
    "chat": {
        "x": 0.7630208333333334,
        "y": 0.20445736434108527,
        "width": 0.23697916666666666,
        "height": 0.7955426356589147
    },
    "button_panel": {
        "x": 0.23177083333333334,
        "y": 0.49019607843137253,
        "width": 0.5436197916666666,
        "height": 0.41421568627450983
    }
}