{
    "tokenium": {
        "x": 0.28125,
        "y": 0,
        "width": 0.5078125,
        "height": 0.6323529411764706
    },
    "chat": {
        "x": 1.1734375,
        "y": 0.24127906976744187,
        "width": 0.28541666666666665,
        "height": 0.7180232558139535
    },
    "button_panel": {
        "x": 0.7130208333333333,
        "y": 0,
        "width": 0.290625,
        "height": 0.26647286821705424
    }
}