{
    "tokenium": {
        "x": 0.283203125,
        "y": 0,
        "width": 0.5006510416666666,
        "height": 0.6299019607843137
    },
    "comms_test_receiver_1": {
        "height": 0.2,
        "width": 0.125,
        "x": 0.875,
        "y": 0
    },
    "chat": {
        "x": 0.7838541666666666,
        "y": 0.18627450980392157,
        "width": 0.228515625,
        "height": 0.8137254901960784
    },
    "window_layout_test": {
        "x": 0.7395833333333334,
        "y": 0.7941176470588235,
        "width": 0.2838541666666667,
        "height": 0.19607843137254902
    },
    "button_panel": {
        "x": 0.1796875,
        "y": 0.1715686274509804,
        "width": 0.234375,
        "height": 0.5514705882352942
    }
}