{
    "tokenium": {
        "x": 0.283203125,
        "y": 0,
        "width": 0.5006510416666666,
        "height": 0.6299019607843137
    },
    "comms_test_receiver_1": {
        "height": 0.2,
        "width": 0.125,
        "x": 0.875,
        "y": 0
    },
    "chat": {
        "x": 0.7630208333333334,
        "y": 0.20445736434108527,
        "width": 0.23697916666666666,
        "height": 0.7955426356589147
    },
    "window_layout_test": {
        "x": 0.3229166666666667,
        "y": 0.5242248062015504,
        "width": 0.2838541666666667,
        "height": 0.19573643410852712
    },
    "button_panel": {
        "x": 0.128125,
        "y": 0.1560077519379845,
        "width": 0.5354166666666667,
        "height": 0.43023255813953487
    }
}