{
    "tokenium": {
        "x": 0.283203125,
        "y": 0,
        "width": 0.5006510416666666,
        "height": 0.6299019607843137
    },
    "comms_test_receiver_1": {
        "height": 0.2,
        "width": 0.125,
        "x": 0.875,
        "y": 0
    },
    "chat": {
        "x": 0.7838541666666666,
        "y": 0.18604651162790697,
        "width": 0.22864583333333333,
        "height": 0.813953488372093
    },
    "window_layout_test": {
        "x": 1.0432291666666667,
        "y": 0.17151162790697674,
        "width": 0.2838541666666667,
        "height": 0.19573643410852712
    },
    "button_panel": {
        "x": 1.3572916666666666,
        "y": 0.34593023255813954,
        "width": 0.6010416666666667,
        "height": 0.25290697674418605
    }
}