{
    "tokenium": {
        "x": 0.283203125,
        "y": 0,
        "width": 0.5006510416666666,
        "height": 0.6299019607843137
    },
    "comms_test_receiver_1": {
        "height": 0.2,
        "width": 0.125,
        "x": 0.875,
        "y": 0
    },
    "chat": {
        "x": 0.7838541666666666,
        "y": 0.18627450980392157,
        "width": 0.21614583333333334,
        "height": 0.8137254901960784
    },
    "window_layout_test": {
        "x": 0.7838541666666666,
        "y": 0,
        "width": 0.22135416666666666,
        "height": 0.19607843137254902
    },
    "button_panel": {
        "x": 0.054036458333333336,
        "y": 0.07107843137254902,
        "width": 0.08658854166666667,
        "height": 0.7573529411764706
    }
}