{
    "tokenium": {
        "x": 0.3255208333333333,
        "y": 0,
        "width": 0.6744791666666666,
        "height": 1
    },
    "chat": {
        "height": 0.8,
        "width": 0.2,
        "x": 0.8,
        "y": 0.2
    },
    "button_panel": {
        "x": 0.022786458333333332,
        "y": 0.029411764705882353,
        "width": 0.20638020833333334,
        "height": 0.2549019607843137
    }
}