{
    "tokenium": {
        "x": 0.46979166666666666,
        "y": 0.045542635658914726,
        "width": 0.4,
        "height": 0.5998062015503876
    },
    "comms_test_sender_1": {
        "height": 0.2,
        "width": 0.2,
        "x": 0.8,
        "y": 0
    },
    "chat": {
        "height": 0.8,
        "width": 0.2,
        "x": 0.8,
        "y": 0.2
    },
    "button_panel": {
        "x": 0.029166666666666667,
        "y": 0.10562015503875968,
        "width": 0.42864583333333334,
        "height": 0.5813953488372093
    },
    "window_layout_test": {
        "x": 0.8135416666666667,
        "y": 0.32945736434108525,
        "width": 0.4166666666666667,
        "height": 0.5813953488372093
    }
}