{
    "tokenium": {
        "x": 0.2916666666666667,
        "y": 0,
        "width": 0.4921875,
        "height": 0.6862745098039216
    },
    "comms_test_receiver_1": {
        "height": 0.2,
        "width": 0.125,
        "x": 0.875,
        "y": 0
    },
    "chat": {
        "x": 0.783203125,
        "y": 0.2512254901960784,
        "width": 0.216796875,
        "height": 0.7487745098039216
    },
    "window_layout_test": {
        "x": 0.783203125,
        "y": 0,
        "width": 0.216796875,
        "height": 0.25245098039215685
    }
}