{
    "tokenium": {
        "x": 0,
        "y": 0,
        "width": 0.8020833333333334,
        "height": 1
    },
    "chat": {
        "x": 0.80078125,
        "y": 0.2622549019607843,
        "width": 0.20052083333333334,
        "height": 0.7401960784313726
    },
    "button_panel": {
        "x": 0.80078125,
        "y": 0,
        "width": 0.20052083333333334,
        "height": 0.2647058823529412
    }
}