{
    "tokenium": {
        "x": 0.2916666666666667,
        "y": 0,
        "width": 0.4921875,
        "height": 0.686046511627907
    },
    "comms_test_receiver_1": {
        "height": 0.2,
        "width": 0.125,
        "x": 0.875,
        "y": 0
    },
    "chat": {
        "x": 0.7833333333333333,
        "y": 0.250968992248062,
        "width": 0.21666666666666667,
        "height": 0.749031007751938
    },
    "window_layout_test": {
        "x": 0.2859375,
        "y": 0.21705426356589147,
        "width": 0.61875,
        "height": 0.5474806201550387
    }
}