{
    "tokenium": {
        "x": 0.33645833333333336,
        "y": 0.0009689922480620155,
        "width": 0.4869791666666667,
        "height": 0.4844961240310077
    },
    "chat": {
        "x": 0.8239583333333333,
        "y": 0.25,
        "width": 0.17604166666666668,
        "height": 0.75
    },
    "button_panel": {
        "x": 0.8229166666666666,
        "y": 0,
        "width": 0.17708333333333334,
        "height": 0.25290697674418605
    }
}