{
    "tokenium": {
        "x": 0.3359375,
        "y": 0,
        "width": 0.4895833333333333,
        "height": 0.49019607843137253
    },
    "chat": {
        "x": 0.8235677083333334,
        "y": 0.25,
        "width": 0.17903645833333334,
        "height": 0.7536764705882353
    },
    "button_panel": {
        "x": 0.8229166666666666,
        "y": 0,
        "width": 0.17708333333333334,
        "height": 0.2549019607843137
    }
}