{
    "tokenium": {
        "x": 0.2578125,
        "y": 0.07720588235294118,
        "width": 0.490234375,
        "height": 0.49142156862745096
    },
    "chat": {
        "x": 0.4153645833333333,
        "y": 0.04411764705882353,
        "width": 0.3567708333333333,
        "height": 0.8529411764705882
    },
    "button_panel": {
        "x": 0.8229166666666666,
        "y": 0,
        "width": 0.17708333333333334,
        "height": 0.2549019607843137
    }
}