{
    "tokenium": {
        "x": 0,
        "y": 0,
        "width": 0.775390625,
        "height": 1
    },
    "comms_test_receiver_1": {
        "height": 0.2,
        "width": 0.125,
        "x": 0.875,
        "y": 0
    },
    "chat": {
        "x": 0.7747395833333334,
        "y": 0.24509803921568626,
        "width": 0.22526041666666666,
        "height": 0.7549019607843137
    },
    "window_layout_test": {
        "x": 0.6614583333333334,
        "y": 0.5588235294117647,
        "width": 0.2421875,
        "height": 0.27450980392156865
    },
    "button_panel": {
        "x": 0.16145833333333334,
        "y": 0.14705882352941177,
        "width": 0.3958333333333333,
        "height": 0.2916666666666667
    }
}