{
    "tokenium": {
        "x": 0.2916666666666667,
        "y": 0,
        "width": 0.494140625,
        "height": 0.6862745098039216
    },
    "comms_test_receiver_1": {
        "height": 0.2,
        "width": 0.125,
        "x": 0.875,
        "y": 0
    },
    "chat": {
        "x": 0.7825520833333334,
        "y": 0.25,
        "width": 0.21940104166666666,
        "height": 0.7536764705882353
    },
    "window_layout_test": {
        "x": -0.0026041666666666665,
        "y": 0.7328431372549019,
        "width": 0.6217447916666666,
        "height": 0.5514705882352942
    }
}