{
    "tokenium": {
        "x": 0,
        "y": 0,
        "width": 0.775390625,
        "height": 1
    },
    "comms_test_receiver_1": {
        "height": 0.2,
        "width": 0.125,
        "x": 0.875,
        "y": 0
    },
    "chat": {
        "x": 0.7747395833333334,
        "y": 0.24509803921568626,
        "width": 0.22526041666666666,
        "height": 0.7549019607843137
    },
    "window_layout_test": {
        "x": 0.7747395833333334,
        "y": 0,
        "width": 0.22526041666666666,
        "height": 0.24632352941176472
    }
}