{
    "tokenium": {
        "x": 0.2578125,
        "y": 0.07598039215686274,
        "width": 0.4921875,
        "height": 0.7022058823529411
    },
    "chat": {
        "x": 0.4147135416666667,
        "y": 0.04411764705882353,
        "width": 0.359375,
        "height": 0.8529411764705882
    },
    "button_panel": {
        "x": 0.8229166666666666,
        "y": 0,
        "width": 0.17708333333333334,
        "height": 0.2549019607843137
    }
}