{
    "tokenium": {
        "x": 0,
        "y": 0,
        "width": 0.7838541666666666,
        "height": 1
    },
    "chat": {
        "x": 0.783203125,
        "y": 0.24754901960784315,
        "width": 0.216796875,
        "height": 0.7524509803921569
    },
    "button_panel": {
        "x": 0.783203125,
        "y": 0,
        "width": 0.216796875,
        "height": 0.24877450980392157
    },
    "calculator": {
        "x": 0.03125,
        "y": 0.058823529411764705,
        "width": 0.5260416666666666,
        "height": 0.7450980392156863
    }
}