{
    "tokenium": {
        "height": 0.6,
        "width": 0.4,
        "x": 0.375,
        "y": 0
    },
    "comms_test_sender_1": {
        "height": 0.2,
        "width": 0.2,
        "x": 0.8,
        "y": 0
    },
    "chat": {
        "height": 0.8,
        "width": 0.2,
        "x": 0.8,
        "y": 0.2
    },
    "button_panel": {
        "x": 0.031901041666666664,
        "y": 0.06004901960784314,
        "width": 0.11393229166666667,
        "height": 0.5955882352941176
    },
    "window_layout_test": {
        "x": 0.6015625,
        "y": 0.22058823529411764,
        "width": 0.3587239583333333,
        "height": 0.7377450980392157
    }
}