{
    "tokenium": {
        "x": 0.4,
        "y": 0.05135658914728682,
        "width": 0.4,
        "height": 0.5998062015503876
    },
    "comms_test_sender_1": {
        "height": 0.2,
        "width": 0.2,
        "x": 0.8,
        "y": 0
    },
    "chat": {
        "height": 0.8,
        "width": 0.2,
        "x": 0.8,
        "y": 0.2
    },
    "button_panel": {
        "x": 0.03177083333333333,
        "y": 0.060077519379844964,
        "width": 0.2677083333333333,
        "height": 0.5959302325581395
    },
    "window_layout_test": {
        "x": 0.6015625,
        "y": 0.22058823529411764,
        "width": 0.3587239583333333,
        "height": 0.7377450980392157
    }
}