{
    "tokenium": {
        "x": 0.3990885416666667,
        "y": 0.05024509803921569,
        "width": 0.46875,
        "height": 0.7046568627450981
    },
    "chat": {
        "height": 0.8,
        "width": 0.2,
        "x": 0.8,
        "y": 0.2
    },
    "button_panel": {
        "x": 0.03125,
        "y": 0.058823529411764705,
        "width": 0.2701822916666667,
        "height": 0.6017156862745098
    }
}