{
    "tokenium": {
        "x": 0,
        "y": 0,
        "width": 0.7916666666666666,
        "height": 1
    },
    "chat": {
        "x": 0.72265625,
        "y": 0.17524509803921567,
        "width": 0.212890625,
        "height": 0.7512254901960784
    },
    "button_panel": {
        "x": 0.2890625,
        "y": 0.30392156862745096,
        "width": 0.3684895833333333,
        "height": 0.4840686274509804
    },
    "calculator": {
        "x": 0.03125,
        "y": 0.058823529411764705,
        "width": 0.525390625,
        "height": 0.7438725490196079
    }
}